name,address
AMC Kips Bay 15 & IMAX,"570 Second Ave,       New York,      NY      10016"
AMC 34th Street 14 & IMAX,"312 W. 34th St.,       New York,      NY      10001"
AMC Empire 25 & IMAX,"234 West 42nd Street,       New York,      NY      10036"
AMC Lincoln Square 13 & IMAX,"1998 Broadway,       New York,      NY      10023"
"Samuel J. & Ethel LeFrak, American Museum of Natural History","Central Park West at 79th Street,       New York,      NY      10024"
UA Sheepshead Bay Stadium 14 & IMAX,"3907 Shore Parkway,       Brooklyn,      NY      11235"
AMC Fresh Meadows 7 & IMAX,"190-02 Horace Harding Blvd.,       Fresh Meadows,      New York      11365"
AMC Jersey Gardens 20 & IMAX,"651 Kapkowski Road,       Elizabeth,      NJ      07201"
AMC Clifton Commons 16 & IMAX,"405 Route 3 East,       Clifton,      NJ      07014"
AMC Staten Island 11 & IMAX,"2655 Richmond Avenue,       Staten Island,      NY      10314-5821"
Regal New Roc Stadium 18 & IMAX,"33 LeCount Place,       New Rochelle,      NY      10801"
AMC Garden State 16 & IMAX,"1 Garden State Plaza,       Paramus,      NJ      07652"
AMC Aviation 12 & IMAX,"Located at Aviation Plaza on US 1 and South Stiles St.,       Linden,      NJ      07036"
UA Westbury Stadium 12 & IMAX,"7000 Brush Hollow Road,       Westbury,      NY      11590"
City Center 15: Cinema de Lux & IMAX,"19 Mamaroneck Avenue,       White Plains,      NY      10601"
AMC Port Chester 14 & IMAX,"40 Westchester Ave.,       Port Chester,      NY      10573"
UA Farmingdale Stadium 10 & IMAX,"20 Michael Avenue,       Farmingdale,      NY      11735"
AMC Palisades Center 21 & IMAX,"4403 Palisades Center Drive,       West Nyack,      NY      10994"
AMC Monmouth Mall 15 & IMAX,"180 State Rt. 35 S.,       Eatontown,      NJ      07724"
AMC New Brunswick 18 & IMAX,"17 US Highway,       New Brunswick,      NJ      08901"
Regal Deer Park 16 & IMAX,"1050 The Arches Circle,       Deer Park,      NY      11729"
AMC Rockaway 16 & IMAX,"363 Mt. Hope Avenue,       Rockaway,      NJ      07866"
"IMAX, The Maritime Aquarium","Exit 15 off I-95,       Norwalk,      CT      06854"
AMC Stony Brook 17 & IMAX,"2196 Nesconset Highway,       Stony Brook,      NY      11790"
AMC Universal CityWalk Stadium 19 & IMAX,"100 Universal City Plaza,       Universal City,      CA      91608"
AMC Century City 15 & IMAX,"10250 Santa Monica Boulevard,       Los Angeles,      CA      90067"
TCL Chinese Theatres IMAX,"6925 Hollywood Boulevard,       Hollywood,      CA      90028"
AMC Burbank 16 & IMAX,"125 E. Palm Ave.,       Burbank,      CA      91502"
"IMAX, California Science Center","700 Exposition Park Drive,       Los Angeles,      CA      90037"
AMC Promenade 16 & IMAX,"21801 Oxnard Street,       Woodland Hills,      CA      91367"
Edwards Renaissance Stadium 14 & IMAX,"1 East Main Street,       Alhambra,      CA      91801"
Edwards South Gate Stadium 20 & IMAX,"8630 Garfield Avenue,       South Gate,      CA      90280"
AMC Del Amo 18 & IMAX,"3525 Carson St. Suite 73,       Torrance,      CA      90503"
AMC Santa Anita 16 & IMAX,"400 Baldwin Ave,       Arcadia,      CA      91007"
Regal Civic Center Stadium 16 & IMAX,"2751 Tapo Canyon Road,       Simi Valley,      CA      93063"
AMC Rolling Hills 20 & IMAX,"2591 Airport Drive,       Torrance,      CA      90505"
Edwards Valencia Stadium 12 & IMAX,"24435 Town Center Drive,       Santa Clarita,      CA      91355"
AMC Norwalk 20 & IMAX,"12300 E. Civic Center Drive,       Norwalk,      CA      90650"
Edwards Long Beach Stadium 26 & IMAX,"7501 East Carson Boulevard,       Long Beach,      CA      90808"
AMC Puente 20 & IMAX,"1560 South Azusa Avenue,       City of Industry,      CA      91748"
AMC Covina 30 & IMAX,"1414 North Azusa Avenue,       Covina,      CA      91722"
AMC Glendora 12 & IMAX,"1337 E. Gladstone Road,       Glendora,      CA      91740"
AMC 30 at the Block & IMAX,"20 City Blvd. West,       Orange,      CA      92868"
Edwards Camarillo Palace Stadium 12 & IMAX,"680 Ventura Boulevard,       Camarillo,      CA      93010"
Cinemark 22 & IMAX,"2600 West Avenue I,       Lancaster,      CA      93534"
Edwards Ontario Palace Stadium 22 & IMAX,"4900 East 4th Street,       Ontario,      CA      91764"
Edwards Irvine Spectrum 21 & IMAX,"500 Spectrum Centre Drive,       Irvine,      CA      92618"
Navy Pier IMAX at AMC,"700 East Grand Avenue - Suite 115,       Chicago,      IL      60611"
Regal City North Stadium 14 & IMAX,"2600 N. Western Ave,       Chicago,      IL      60647"
AMC Quarry 14 & IMAX,"9201 W. 63rd Street,       Hodgkins,      IL      60525"
AMC Showplace Village Crossing & IMAX,"7000 Carpenter Road,       Skokie,      IL      60077"
AMC Oakbrook 12 & IMAX,"600 Oakbrook Center,       Oak Brook,      Illinois      60523"
AMC DINE-IN Yorktown 18 & IMAX,"80 Yorktown Shopping Center,       Lombard,      IL      60148"
AMC Showplace Niles 12 & IMAX,"301 Golf Mill Center,       Niles,      IL      60714"
Cinemark at Seven Bridges & IMAX,"6500 Route 53,       Woodridge,      IL      60517"
AMC Streets of Woodfield & IMAX,"601 North Martingale Road,       Schaumburg,      IL      60173"
AMC Showplace Schererville 16 & IMAX,"875 Deercreek Drive,       Schererville,      IN      46375"
Regal Lincolnshire Stadium 15 & IMAX,"300 Parkway Drive,       Lincolnshire,      IL      60069"
AMC Showplace New Lenox 14 & IMAX,"1320 W. Maple Street,       New Lenox,      IL      60451"
AMC Showplace Naperville 16 & IMAX,"2815 Showplace Drive,       Naperville,      IL      60564"
AMC South Barrington 30 & IMAX,"175 Studio Drive,       South Barrington,      IL      60010"
Portage 16 & IMAX,"6550 US Highway 6,       Portage,      IN      46368"
Randall 15 & IMAX,"550 North Randall Road,       Batavia,      IL      60510"
Regal South Beach Stadium 18 & IMAX,"1120 Lincoln Road,       Miami Beach,      FL      33139"
AMC Sunset Place 24 & IMAX,"5701 Sunset Drive,       South Miami,      FL      33143"
Cobb Dolphin 19 & IMAX,"11471 NW 12th Street,       Miami,      FL      33172"
AMC Aventura 24 & IMAX,"19501 Biscayne Blvd. In Aventura,       Aventura,      FL      33180"
Regal Kendall Village Stadium 16 & IMAX,"8595 SW 124 Avenue,       Miami,      FL      33183"
AMC Pembroke Lakes 9 & IMAX,"12085 Pines Blvd.,       Pembroke Pines,      FL      33026"
"Autonation IMAX, Museum of Discovery & Science","401 SW 2nd Street,       Fort Lauderdale,      FL      33312"
Regal Sawgrass Stadium 23 & IMAX,"2600 NW 136th Avenue,       Sunrise,      FL      33323"
Frank Delray MarketPlace Stadium 12 & IMAX,"14775 Lyons Road,       Delray Beach,      FL      33446"
AMC Northpark 15 & IMAX,"8687 N. Central Expressway,       Dallas,      TX      75225"
AMC Mesquite 30 & IMAX,"19919 Lyndon B. Johnson Freeway,       Dallas,      TX      75149"
Cinemark 17 & IMAX,"11819 Webb Chapel Road,       Dallas,      TX      75234"
AMC Firewheel 18 & IMAX,"100 Coneflower Drive,       Garland,      TX      75040"
AMC Grapevine Mills 30 & IMAX,"3150 Grapevine Mills Parkway,       Grapevine,      TX      76051"
AMC Stonebriar 24 & IMAX,"2601 Preston Road,       Frisco,      TX      75034"
AMC The Parks at Arlington 18 & IMAX,"3861 S. Cooper,       Arlington,      TX      76015"
AMC Highland Village 12 & IMAX,"4090 Barton Creek,       Highland Village,      TX      75077"
"Omnitheatre, Fort Worth Museum of Science & History","1600 Gendy St,       Fort Worth,      TX      76107"
"Tuttleman IMAX, The Franklin Institute","222 North 20th Street,       Philadelphia,      PA      19103"
UA Riverview Plaza Stadium 17 & IMAX,"1400 S. Columbus Blvd.,       Philadelphia,      PA      19147-5526"
AMC Cherry Hill 24 & IMAX,"2121 Route 38,       Cherry Hill,      NJ      08002"
AMC Philadelphia Mills 14 & IMAX,"1149 Franklin Mills Circle,       Philadelphia,      PA      19154"
AMC Neshaminy 24 & IMAX,"3900 Rockhill Drive,       Bensalem,      PA      19020"
Regal Warrington Crossing Stadium 22 & IMAX,"140 Easton Road,       Warrington,      PA      18976"
UA King of Prussia Stadium 16 & IMAX,"Located on Mall Boulevard across from The Plaza King of Prussia,       King of Prussia,      PA      19406"
Regal Downingtown Stadium 16 & IMAX,"100 Quarry Road,       Downingtown,      PA      19335"
AMC Hamilton 24 & IMAX,"325 Sloan Ave.,       Hamilton,      NJ      08619"
Penn Cinema Riverfront & IMAX,"401 South Madison Street,       Wilmington,      DE      19801"
AMC Center Valley 16 & IMAX,"2805 Center Valley Parkway,       Center Valley,      PA      18034"
RC Reading Movies 11 & IMAX,"30 North Second Street,       Reading,      PA      19601"
Edwards Houston Marq*E Stadium 23 & IMAX,"7620 Katy Freeway,       Houston,      TX      77024"
AMC Studio 30 & IMAX,"2949 Dunvale Road,       Houston,      TX      77063"
AMC Willowbrook 24 & IMAX,"17145 Tomball Parkway,       Houston,      Texas      77064"
AMC Fountains 18 & IMAX,"11225 Fountain Lake Drive,       Stafford,      Texas      77477"
AMC Gulf Pointe 30 & IMAX,"11801 South Sam Houston Parkway,       Houston,      TX      77089"
AMC Deerbrook 24 & IMAX,"20131 Highway 59 N, Suite 8000,       Humble,      Texas      77338"
AMC First Colony 24 & IMAX,"100 Coneflower Drive,       Sugar Land,      TX      77479"
Regal Lone Star 19 & IMAX,"24720 Tomball Parkway,       Tomball,      TX      77375"
AMC Metropark 10 & IMAX,"17943 I-45 South,       Shenandoah,      Texas      77385"
"Lockheed Martin IMAX, National Air & Space Museum","601 Independence Avenue SW,       Washington,      DC      20560"
AMC Georgetown 14 & IMAX,"3111 K Street, N.W.,       Washington,      DC      20007"
Regal Majestic Cinema 20 & IMAX,"900 Ellsworth Drive,       Silver Spring,      MD      20910"
AMC Hoffman Center 22 & IMAX,"206 Swamp Fox Road,       Alexandria,      VA      22314"
AMC Magic Johnson Capital Center 12 & IMAX,"800 Shopper's Way,       Glenarden,      MD      20774"
AMC Tysons Corner 16 & IMAX,"7850 Tysons Corner Center,       McLean,      VA      22102"
AMC Rio Cinemas 18 & IMAX,"9811 Washingtonian Blvd.,       Gaithersburg,      MD      20878"
Regal Waugh Chapel Stadium 12 & IMAX,"1419 South Main Chapel Way,       Gambrills,      MD      21054"
"Airbus IMAX, Stephen F. Udvar-Hazy Center","14390 Air and Space Museum Parkway,       Chantilly,      VA      20151"
AMC Columbia 14 & IMAX,"10300 Patuxent Parkway,       Columbia,      MD      21044"
AMC Potomac Mills 18 & IMAX,"2700 Potomac Mills Circle,       Woodbridge,      VA      22192"
Regal Fox Stadium 16 & IMAX,"22875 Brambleton Plaza,       Ashburn,      VA      20148"
Regal Manassas Stadium 14 & IMAX,"11380 Bulloch Drive,       Manassas,      VA      20109"
"IMAX, Maryland Science Center","601 Light Street,       Baltimore,      MD      21230"
AMC Owings Mills 17 & IMAX,"10100 Mill Run Circle,       Owings Mills,      MD      21117"
Regal Westview Stadium 16 & IMAX,"5243 Buckeystown Pike,       Frederick,      MD      21704"
AMC White Marsh 16 & IMAX,"8141 Honeygo Blvd.,       Nottingham,      MD      21236"
Regal Fredericksburg 14 & IMAX,"3301 Plank Road, Route 3W,       Fredericksburg,      Virginia      22401"
Regal Atlantic Station  Stadium 16 & IMAX,"261 19th Street NW, Suite 1250,       Atlanta,      GA      30363"
AMC Southlake Pavilion 24 & IMAX,"7065 Mount Zion Circle,       Morrow,      GA      30260"
Regal Arbor Place Stadium 18 & IMAX,"6600 Douglas Boulevard,       Douglasville,      GA      30135"
AMC Barrett Commons 24 & IMAX,"2600 Cobb Place Ln. NW,       Kennesaw,      GA      30144"
New Vision Stonecrest 16 & IMAX,"8060 Mall Parkway,       Lithonia,      GA      30038"
AMC North Point Mall 12 & IMAX,"4500 North Point Circle,       Alpharetta,      GA      30022"
AMC Avenue Forsyth 12 & IMAX,"350 Peachtree Parkway,       Cumming,      GA      30041"
Regal Mall of Georgia Stadium 20 & IMAX,"3333 Buford Drive - Suite 3000,       Buford,      GA      30519"
AMC South Bay Center 12 & IMAX,"95 Allstate Road,       Dorchester,      MA      02125"
Loews Boston Common 19,"175 Tremont Street,       Boston,      MA      02111"
"Simons IMAX, New England Aquarium","Central Wharf,       Boston,      MA      02110"
"Mugar Omni, Museum of Science","1 Science Park,       Boston,      MA      02114"
AMC Assembly Row 12 & IMAX,"395 Artisan Way,       Somerville,      MA      02145"
Showcase Cinema de Lux Randolph & IMAX,"73 Mazzeo Drive,       Randolph,      MA      02368"
Sunbrella IMAX 3D Theater Reading,"50 Walkers Brook Drive,       Reading,      MA      01867"
Sunbrella IMAX 3D Theater Natick,"1 Underprice Way,       Natick,      MA      01760"
AMC Liberty Tree Mall 20 & IMAX,"100 Independence Way,       Danvers,      MA      01923"
AMC Methuen 20 & IMAX,"90 Pleasant Valley St.,       Methuen,      MA      01844"
Providence Place Cinemas 16 and IMAX,"10 Providence Place,       Providence,      RI      02903"
AMC Deer Valley 30 & IMAX,"3033 West Agua Fria Freeway,       Phoenix,      AZ      85027"
AMC DINE-IN Desert Ridge 18 & IMAX,"21001 North Tatum,       Phoenix,      AZ      85050"
AMC Westgate 20 & IMAX,"9400 West Hanna Lane,       Glendale,      AZ      85305"
Harkins Arizona Mills 25 & IMAX,"5000 Arizona Mills Circle,       Tempe,      AZ      85282"
AMC Surprise Pointe & IMAX,"13549 N. Litchfield Road,       Surprise,      AZ      85379"
AMC Superstition East 12 & IMAX,"1935 S. Signal Butte,       Mesa,      AZ      85209"
AMC Metreon 16 & IMAX,"135 Fourth Street, Suite #3000,       San Francisco,      CA      94103"
AMC Bay Street 16 & IMAX,"5614 Shellmound Street,       Emeryville,      CA      94608"
Veranda Luxe Cinema & IMAX,"2035 Diamond Blvd.,       Concord,      CA      94520"
AMC Newpark 12 & IMAX,"400 Newpark Mall,       Newark,      CA      94560"
Regal Hacienda Crossings Stadium 20 & IMAX,"5000 Dublin Boulevard,       Dublin,      CA      94568"
AMC Mercado 20 & IMAX,"3111 Mission College Blvd.,       Santa Clara,      CA      95054"
AMC Brentwood 14 & IMAX,"2525 Sand Creek Rd.,       Brentwood,      CA      94513"
AMC Saratoga 14 & IMAX,"700 El Paseo De Saratoga,       San Jose,      CA      95130"
Edwards Fairfield Stadium 16 & IMAX,"1549 Gateway Boulevard,       Fairfield,      CA      94533"
"IMAX Dome Theater, The Tech Museum","201 South Market Street,       San Jose,      CA      95113"
AMC Eastridge 15 & IMAX,"2190 Eastridge Loop,       San Jose,      CA      95122"
"PACCAR IMAX, Pacific Science Center","200 Second Avenue North,       Seattle,      WA      98109"
"Boeing IMAX, Pacific Science Center","200 Second Avenue North,       Seattle,      WA      98109"
Regal Thornton Place Stadium 14 & IMAX,"301 NE Thornton Place,       Seattle,      WA      98125"
IMAX Lincoln Square Cinemas,"700 Bellevue Way NE,       Bellevue,      WA      98004"
AMC Southcenter 16 & IMAX,"3600 Southcenter Mall,       Tukwila,      WA      98188"
AMC Alderwood Mall 16 & IMAX,"18733 33rd Avenue West,       Lynnwood,      WA      98037"
Regal Issaquah Highlands 12 & IMAX,"940 NE Park Drive,       Issaquah,      WA      98029"
AMC Kent Station 14 & IMAX,"426 Ramsay Way,       Kent,      WA      98032"
Galaxy Uptown Luxury+  & IMAX,"4649 Point Fosdick Drive N.W.,       Gig Harbor,      WA      98335"
Regal Martin Village Stadium 16 & IMAX,"5400 East Martin Way,       Lacey,      WA      98516"
AMC Fairlane 21 & IMAX,"18900 Michigan Avenue,       Dearborn,      MI      48126"
SilverCity Windsor Cinemas & IMAX,"4611 Walker Road,       Windsor,      ON      N8W 3T6"
AMC Forum 30 & IMAX,"44681 Mound Rd.,       Sterling Heights,      MI      48314"
AMC Livonia 20 & IMAX,"19500 Haggerty Road,       Livonia,      MI      48152"
AMC Star Great Lakes 25 & IMAX,"4300 Baldwin Road,       Auburn Hills,      MI      48326"
Ann Arbor 20 & IMAX,"4100 Carpenter Road & Ellsworth Avenue,       Ypsilanti,      MI      48197"
NCG Trillium & IMAX,"8220 Trillium Circle Avenue,       Grand Blanc,      MI      48439"
AMC Mission Valley 20 & IMAX,"1640 Camino Del Rio North,       San Diego,      CA      92108"
Edwards Mira Mesa Stadium 18 & IMAX,"10733 Westview Parkway,       San Diego,      CA      92126"
Fleet Science Center,"1875 El Prado,       Balboa Park,      California      92101"
Regal Parkway Plaza Stadium 18 & IMAX,"405 Parkway Plaza,       El Cajon,      CA      92020"
AMC Plaza Bonita 14 & IMAX,"3050 Plaza Bonita Road,       National City,      CA      91950"
AMC Palm Promenade 24 & IMAX,"770 Dennery Road,       San Diego,      CA      92154"
Regal Escondido Stadium 16 & IMAX,"350 W. Valley Parkway,       Escondido,      CA      92025"
"Domo IMAX, Centro Cultural Tijuana","Paseo de los H̩roes #9350, Zona Urbana Rio,       Tijuana B.C.,      Mexico      C.P. 22010"
Edwards Temecula Stadium 15 & IMAX,"40750 Winchester Road,       Temecula,      CA      92591"
AMC Rosedale 14 & IMAX,"850 Rosedale Center,       Roseville,      MN      55113"
AMC Southdale 16 & IMAX,"400 Southdale Center,       Edina,      MN      55435"
Omnitheater Science Museum of Minnesota,"120 West Kellogg Boulevard,       St. Paul,      MN      55102"
AMC Eden Prairie Mall 18 & IMAX,"8251 Flying Cloud Drive Suite 4000,       Eden Prairie,      MN      55344"
AMC Arbor Lakes 16 & IMAX,"12575 Elm Creek Boulevard North,       Maple Grove,      MN      55369"
CMX Odyssey 15 & IMAX,"14401 Burnhaven Drive,       Burnsville,      MN      55306"
AMC Veterans 24 & IMAX,"9302 Anderson Road,       Tampa,      FL      33634"
AMC The Regency 20 & IMAX,"2496 W. Brandon Blvd.,       Brandon,      FL      33511"
AMC Woodland Square 20 & IMAX,"3128 Tampa Road,       Oldsmar,      FL      34677"
AMC Sundial 20 & IMAX,"151 2nd Avenue North,       St. Petersburg,      FL      33701"
Lakeside 18 Cinemas & IMAX,"1650 Town Center Drive,       Lakeland,      FL      33803"
"Phipps IMAX, Denver Museum of Nature and Science","2001 Colorado Boulevard,       Denver,      CO      80205"
UA Colorado Center Stadium 9 & IMAX,"2000 South Colorado Boulevard at I-25,       Denver,      CO      80222"
AMC Arapahoe Crossing 16 & IMAX,"6696 South Parker Road,       Aurora,      CO      80016"
AMC Westminster Promenade 24 & IMAX,"10655 Westminster Blvd.,       Denver,      CO      80020"
AMC Orchard 12 & IMAX,"14653 Orchard Parkway,       Denver,      CO      80023"
UA Colorado Mills Stadium 16 & IMAX,"14500 West Colfax Avenue,       Lakewood,      CO      80401"
AMC Highlands Ranch 24 & IMAX,"103 W. Centennial Blvd.,       Highlands Ranch,      CO      80129"
AMC Flatiron Crossing 14 & IMAX,"61 West Flatiron Crossing Circle,       Broomfield,      Colorado      80021"
Frank Queensgate Stadium 13 & IMAX,"2067 Springwood Road,       York,      PA      17403"
"OMNIMAX, St. Louis Science Center","5050 Oakland Avenue,       St. Louis,      MO      63110"
Marcus Ronnies 20 Cine & IMAX,"5320 South Lindbergh Blvd.,       St. Louis,      MO      63126"
AMC Chesterfield 14 & IMAX,"3000 Chesterfield Mall,       Chesterfield,      MO      63017"
AMC Showplace Edwardsville 12 & IMAX,"6633 Center Grove Road,       Edwardsville,      IL      62025"
AMC Tyler 16 & IMAX,"3775 Tyler Street,       Riverside,      CA      92503"
Edwards Aliso Viejo Stadium 20 & IMAX,"26701 Aliso Creek Road, Enterprise Dr.,       Aliso Viejo,      CA      92656"
Regal Aliante Stadium 16 & IMAX,"7300 Aliante Parkway,       North Las Vegas,      NV      89084"
Regal Red Rock Stadium 16 & IMAX,"11011 West Charleston Boulevard,       Las Vegas,      NV      89135"
Brenden Theatres & IMAX at the Palms,"4321 West Flamingo Road,       Las Vegas,      NV      89103"
AMC Town Square 18 & IMAX,"6587 Las Vegas Blvd South,       Las Vegas,      Nevada      89119"
Regal Sunset Station Stadium 13 & IMAX,"West Sunset Rd - across from the Galleria Mall,       Henderson,      NV      89014"
Regal Lloyd Center 10 & IMAX,"1510 NE Multnomah Street,       Portland,      OR      97232"
Regal Cascade Stadium 16 & IMAX,"164th & Mill Plain,       Vancouver,      WA      98683"
Regal Bridgeport Village Stadium 18 & IMAX,"7329 SW Bridgeport Road,       Tigard,      OR      97224"
AMC Rivercenter 11 & IMAX,"849 E. Commerce,       San Antonio,      TX      78205"
Santikos Palladium IMAX,"The Rim - IH-10 - Exit La Cantera,       San Antonio,      TX      78257"
Esquire IMAX Theatre,"1211 K Street,       Sacramento,      CA      95814"
Regal Delta Shores 14 & IMAX,"8136 Delta Shores Circle South,       Sacramento,      CA      95832"
Regal El Dorado Hills Stadium 14 & IMAX,"2101 Vine Street,       El Dorado Hills,      CA      95762"
Regal Stockton City Centre Stadium 16 & IMAX,"222 North El Dorado Street,       Stockton,      CA      95202"
Regal Pointe Orlando Stadium 20 & IMAX,"9101 International Drive,       Orlando,      FL      32819"
Regal Waterford Lakes Stadium 20 & IMAX,"541 North Alafaya Trail,       Orlando,      FL      32828"
AMC Altamonte Mall 18 & IMAX,"433 E. Altamonte Dr.,       Altamonte Springs,      FL      32701"
Cin̩polis Polk County & IMAX,"5500 Grandview Parkway,       Davenport,      FL      33837"
"IMAX, Kennedy Space Center","State Road 405,       Kennedy Space Center,      FL      32899"
Cobb Merritt Square 16 & IMAX,"777 East Merritt Island Causeway,       Merritt Island,      FL      32952"
Regal Crocker Park Stadium 16 & IMAX,"30147 Detroit Road,       Westlake,      OH      44145"
AMC Waterfront 22 & IMAX,"300 West Waterfront Drive,       West Homestead,      PA      15120"
Cinemark Galleria at Pittsburgh Mills & IMAX,"425 Pittsburgh Mills Circle,       Tarentum,      PA      15084"
Robert D. Lindner Family OMNIMAXå¨ Theater,"1301 Western Avenue,       Cincinnati,      OH      45203-1138"
AMC Newport on the Levee 20 & IMAX,"I-471 at Exit 5,       Newport,      KY      41071"
Springdale 18: Cinema de Lux & IMAX,"12064 Springfield Pike,       Springdale,      OH      45246"
AMC West Chester 18 & IMAX,"9415 Civic Center Blvd,       West Chester,      OH      45069"
The Greene 14 & IMAX,"4489 Glengarry Dr,       Beavercreek,      OH      45440"
"IMAX, The Bullock Texas State History Museum","1800 N Congress Avenue,       Austin,      TX      78701"
AMC Barton Creek Square 14 & IMAX,"2901 Capital of Texas Highway,       Austin,      TX      78746"
Regal Gateway Stadium 16 & IMAX,"9700 Stonelake Blvd,       Austin,      TX      78759"
AMC Barry Woods 24 & IMAX,"8101 Roanridge Road,       Kansas City,      MO      64151"
AMC Independence 20 & IMAX,"19200 E. 39th Street S.,       Independence,      MO      64057"
AMC Legends 14 & IMAX,"1841 Village West Parkway,       Kansas City,      KS      66111"
AMC Town Center 20 & IMAX,"11701 Nall Avenue,       Leawood,      KS      66211"
AMC Studio 28 & IMAX,"12075 S Strang Line Rd.,       Olathe,      KS      66062"
"IMAX, Indiana State Museum","650 West Washington Street,       Indianapolis,      IN      46204"
AMC Showplace Indianapolis 17,"4325 South Meridian Street,       Indianapolis,      IN      46217"
AMC Castleton Square 14 & IMAX,"6020 E 82nd Street,       Indianapolis,      Indiana      46250"
AMC Showplace Traders Point 12 & IMAX,"5920 W. 86th Street,       Indianapolis,      IN      46278"
Hamilton 16 & IMAX,"13825 Norell Road,       Noblesville,      IN      46060"
AMC Lennox 24 & IMAX,"777 Kinnear Road,       Columbus,      OH      43212"
AMC Easton Town Center 30 & IMAX,"275 Easton Town Ctr,       Columbus,      OH      43219"
AMC Grove City 14 & IMAX,"4218 Buckeye Parkway,       Grove City,      OH      43123"
AMC Lynnhaven 18 & IMAX,"1001 Lynnhaven Mall Loop,       Virginia Beach,      VA      23452"
"Riverside IMAX, Virginia Air & Space Center","600 Settlers Landing Road,       Hampton,      VA      23669"
AMC Hampton Towne Center 24 & IMAX,"1 Town Center Way,       Hampton,      VA      23666"
AMC Danbury 16 & IMAX,"61 Eagle Road,       Danbury,      CT      06810"
"The Charlotte Observer IMAX Dome, Discovery Place","301 North Tryon Street,       Charlotte,      NC      28202"
AMC Northlake 14 & IMAX,"7325 Northlake Mall Drive,       Charlotte,      NC      28216"
Regal Stonecrest At Piper Glen Stadium 22 & IMAX,"7824 Rea Road - Stonecrest at Piper Glen Shopping Center,       Charlotte,      NC      28277"
AMC Concord Mills 24 & IMAX,"8421 Concord Mills Blvd.,       Concord,      NC      28027"
AMC Mayfair Mall 18 & IMAX,"2500 N. Mayfair Road,       Wauwatosa,      WI      53226"
AMC Regency 24 & IMAX,"9451 Regency Square Blvd.,       Jacksonville,      FL      32225"
AMC Orange Park 24 & IMAX,"1910 Wells Road,       Orange Park,      FL      32073"
World Golf Hall of Fame IMAX Theater,"21 World Golf Place; Adjacent to World Golf Hall of Fame,       St. Augustine,      FL      32092"
Malco Paradiso Cinema Grill & IMAX,"584 South Mendenhall,       Memphis,      TN      38117"
Regal Opry Mills Stadium 20 & IMAX,"570 Opry Mills Drive,       Nashville,      TN      37214"
Regal Streets Of Indian Lake Stadium 16 & IMAX,"300 Indian Lake Blvd.,       Hendersonville,      TN      37075"
AMC Thoroughbred 20 & IMAX,"633 Frazier Drive,       Franklin,      TN      37067"
"ATK IMAX, Clark Planetarium","110 South 400 West,       Salt Lake City,      UT      84101"
"Megaplex IMAX,Valley Fair Mall","3620 South 2400 West,       West Valley City,      UT      84119"
Megaplex 14 & IMAX at Legacy Crossing,"I-15 & Parrish Lane,       Centerville,      UT      84014"
"Megaplex 17 & IMAX, Jordan Commons","9400 South State Street,       Sandy,      UT      84070"
Megaplex 20 at the District & IMAX,"11400 South Bangerter Highway,       South Jordan,      UT      84095"
Regal Commonwealth 20 & IMAX,"5001 Commonwealth Center Parkway,       Midlothian,      VA      23112"
Regal Short Pump Stadium 14 & IMAX,"11650 West Broad Street,       Richmond,      VA      23233"
AMC Westbank Palace 16 & IMAX,"1151 Manhattan Blvd.,       Harvey,      LA      70058"
AMC DINE-IN Clearview Palace 12 & IMAX,"4486 Veterans Memorial Blvd.,       Metairie,      LA      70006"
AMC Elmwood Palace 20 & IMAX,"1200 Elmwood Park Blvd.,       Harahan,      LA      70123"
Grand 16 & IMAX,"1950 Gause Boulevard West,       Slidell,      LA      70460"
IMAX Theatre at Marbles,"201 East Hargett Street,       Raleigh,      NC      27601"
Regal Crossroads Stadium 20 & IMAX,"501 Caitboo Avenue,       Cary,      NC      27518"
AMC Southpoint 17 & IMAX,"8030 Renaissance Parkway,       Durham,      NC      27713"
AMC Stonybrook 20 & IMAX,"2745 South Hurstborne Parkway,       Louisville,      KY      40220"
Moore Warren IMAX,"1000 S Telephone Rd,       Oklahoma City,      OK      73160"
AMC Quail Springs Mall 24 & IMAX,"2501 West Memorial,       Oklahoma City,      OK      73134"
Connecticut Post 14 & IMAX,"1201 Boston Post Road - Westfield Shoppingtown CT Post,       Milford,      CT      06460"
AMC Plainville 20 & IMAX,"220 New Britian Avenue,       Plainville,      CT      06062"
Regal Transit Center Stadium 18 & IMAX,"6707 Transit Road,       Williamsville,      NY      14221"
Niagara Falls IMAX,"6170 Fallsview Blvd.,       Niagara Falls,      ON, Canada      L2G 7T8"
Buckland Hills 18 & IMAX,"99 Redstone Road,       Manchester,      CT      06045"
AMC Foothills 15 & IMAX,"7401 N. La Cholla Blvd.,       Tucson,      AZ      85741"
Premiere Cinema El Paso Bassett + IMAX,"6101 Gateway West,       El Paso,      TX      79925"
Cin̩polis Las Misiones Cd. Juarez & IMAX,"Teofile Borunda 8681 Int. Cine, Partido Iglesias,       Cuidad Juarez, Chihuahua,      Mexico      32618"
Regal Dole Cannery Stadium 18 & IMAX,"735 B Iwilei Road,       Honolulu,      HI      96817"
AMC Edinburg 18 & IMAX,"3003 S. Expressway 281,       Edinburg,      TX      78539"
AMC Classic Westroads 14 & IMAX,"10000 California Street,       Omaha,      NE      68114"
AMC Oakview Plaza 24 & IMAX,"3555 South 140th Plaza,       Omaha,      NE      68144"
AMC Star Council Bluffs 17 & IMAX,"3220 23rd Avenue,       Council Bluffs,      IA      51503"
Regal Winrock Stadium 16 & IMAX,"2100 Louisina Blvd NE - Bld 400,       Albuquerque,      NM      87110"
AMC Albuquerque 12 & IMAX,"3810 Las Estancias Way SW,       Albuquerque,      NM      87121"
"IMAX Dome, McWane Center","200 Nineteenth Street North,       Birmingham,      AL      35203"
AMC Patton Creek 15 & IMAX,"4450 Creekside Avenue,       Hoover,      AL      35244"
Cobb Hollywood 16 & IMAX,"4250 Old Greensboro Road,       Tuscaloosa,      AL      35405"
Cinemark Tinseltown USA & IMAX,"2291 Buffalo Road,       Rochester,      NY      14624"
AMC Sarasota 12 & IMAX,"8201 S. Tamiami Trail,       Sarasota,      FL      34238"
Edwards Fresno Stadium 22 & IMAX,"250 Paseo del Centro,       Fresno,      CA      93720"
AMC Southroads 20 & IMAX,"4923 E 41st Street ,       Tulsa,      OK      74135"
Cinemark Tulsa & IMAX,"10802 East 71st Street,       Tulsa,      OK      74133"
Cinemark Carefree Circle & IMAX,"3305 Cinema Point,       Colorado Springs,      CO      80922"
Regal Gulf Coast Town Center 16 & IMAX,"10028 Gulf Center Drive,       Fort Myers,      FL      33913"
Regal Hollywood Stadium 20 & IMAX,"6006 Hollywood Blvd.,       Naples,      FL      34109"
Citadel Mall IMAX Stadium 16,"2072 Sam Rittenberg Boulevard,       Charleston,      SC      29407"
Regal Crossgates Stadium 18 & IMAX,"One Crossgates Mall Road,       Albany,      NY      12203"
Dordoi Plaza & IMAX,"115, Ibraimov Str. ,       Bishkek,      Kyrgyzstan`      720021"
Celebration! Cinema Grand Rapids North & IMAX,"2121 Celebration Dr. NE,       Grand Rapids,      MI      49525"
AMC Mall of Louisiana 15 & IMAX,"9168T Picardy Ave Extension,       Baton Rouge,      LA      70836"
AMC Baton Rouge 16 & IMAX,"16040 Hatteras Ave.,       Baton Rouge,      LA      70816"
Regal Pinnacle Stadium 18 & IMAX,"11240 Parkside Drive,       Knoxville,      TN      37922"
Regal Sandhill Stadium 16 & IMAX,"450 Town Center Place,       Columbia,      SC      29229"
Reading Cinemas Valley Plaza 16 & IMAX,"2000 Wible Road,       Bakersfield,      CA      93304"
AMC West Melbourne 12 & IMAX,"4255 Norfolk Parkway,       West Melbourne,      FL      32904"
Warren West IMAX,"9150 West 21st,       Wichita,      KS      67205"
"Blank IMAX Dome, Science Center Iowa","401 West Martin Luther King Jr. Parkway,       Des Moines,      IA      50309"
The Palms Theatre & IMAX,"200 NE Westgate Drive,       Waukee,      Iowa      50263"
Regal Rancho Mirage Stadium 16 & IMAX,"72-777 Dinah Shore Drive,       Rancho Mirage,      CA      92270"
Regal Simpsonville Stadium 14 & IMAX,"Simpsonville,      SC      29681"
AMC Chenal 9 & IMAX,"17825 Chenal Parkway,       Little Rock,      AR      72211"
Penn Cinema & IMAX,"541 Airport Road,       Lititz,      PA      17543"
New Vision Fitchburg 18 & IMAX,"3301 Town Center Blvd.,       Fitchburg,      WI      53719"
Galaxy Luxury+ Sparks & IMAX,"1170 Scheels Drive,       Sparks,      NV      89434"
AMC CityPlace 20 & IMAX,"545 Hibiscus Street,       West Palm Beach,      FL      33401"